DeptCode,Year,Month,SaveOption,Amount,UpdateTime,UpdateUser
R12_04_LTN,2017,3,receive,1286653486.24,11:40:55 AM,D_MMA
R12_04_LTN,2017,3,receive,1286653486.24,11:40:55 AM,D_MMA
R12_04_LTN,2016,3,receive,472999036.00,3:04:04 PM,D_SSM
R12_04_LTN,2017,3,receive,457328837.00,11:40:55 AM,D_MMA
R12_04_LTN,2017,3,receive,452000000.00,11:40:55 AM,D_MMA
R12_04_LTN,2017,3,receive,318301500.00,11:40:55 AM,D_MMA
R12_04_LTN,2017,6,receive,291163069.00,11:54:05 AM,D_EKTW
R12_04_LTN,2015,3,receive,176958980.00,5:32:10 PM,D_DNS
R12_04_LTN,2015,3,receive,151286576.00,5:32:10 PM,D_DNS
R12_04_LTN,2015,3,receive,144457979.37,5:32:10 PM,D_DNS
R12_04_LTN,2015,3,receive,144457979.37,5:32:10 PM,D_DNS
R12_04_LTN,2016,3,receive,130909515.00,3:04:04 PM,D_SSM
R12_04_LTN,2016,3,receive,128680655.00,3:04:04 PM,D_SSM
R12_04_LTN,2016,3,receive,124231505.00,3:04:04 PM,D_SSM
R12_04_LTN,2014,3,receive,116339594.00,2:24:57 PM,D_DNS
R12_04_LTN,2017,2,receive,112504381.00,11:04:47 AM,D_MMA
R12_04_LTN,2017,3,receive,104084305.00,11:40:55 AM,D_MMA
R12_04_LTN,2016,2,receive,102896000.00,1:28:13 PM,D_SSM
R12_04_LTN,2016,2,receive,102708611.00,1:28:13 PM,D_SSM
R12_04_LTN,2015,12,receive,101718976.00,1:27:18 PM,D_SSM
R12_04_LTN,2013,10,receive,98650403.00,5:37:42 PM,D_DNS
R12_04_LTN,2014,3,receive,97689647.68,2:24:57 PM,D_DNS
R12_04_LTN,2016,3,receive,95924057.70,3:04:04 PM,D_SSM
R12_04_LTN,2016,2,receive,95356310.00,1:28:13 PM,D_SSM
R12_04_LTN,2015,1,receive,94907734.00,3:38:28 PM,D_DNS
R12_04_LTN,2016,3,receive,92384000.00,3:04:04 PM,D_SSM
R12_04_LTN,2014,3,receive,92255919.00,2:24:57 PM,D_DNS
R12_04_LTN,2015,3,receive,86760420.00,5:32:10 PM,D_DNS
R12_04_LTN,2016,2,receive,85220029.00,1:28:13 PM,D_SSM
R12_04_LTN,2016,3,receive,81924057.70,3:04:04 PM,D_SSM
R12_04_LTN,2017,1,receive,76835167.00,2:24:56 PM,D_MMA
R12_04_LTN,2016,1,receive,75091657.00,1:27:44 PM,D_SSM
R12_04_LTN,2016,12,receive,74524524.00,5:07:49 PM,D_MMA
R12_04_LTN,2017,2,receive,72879704.00,11:04:47 AM,D_MMA
R12_04_LTN,2016,3,receive,69176770.00,3:04:04 PM,D_SSM
R12_04_LTN,2015,2,receive,65347008.00,2:08:48 PM,D_DNS
R12_04_LTN,2013,12,receive,62748359.00,11:35:15 AM,D_DNS4
R12_04_LTN,2014,1,receive,62688187.00,5:14:04 PM,D_DNS
R12_04_LTN,2016,1,receive,61446452.00,1:27:44 PM,D_SSM
R12_04_LTN,2014,10,receive,59305000.00,3:26:20 PM,D_DNS
R12_04_LTN,2015,2,receive,57862115.00,2:08:48 PM,D_DNS
R12_04_LTN,2013,12,receive,56138377.00,11:35:15 AM,D_DNS4
R12_04_LTN,2016,1,receive,54297674.00,1:27:44 PM,D_SSM
R12_04_LTN,2017,5,receive,53144468.00,6:37:45 PM,D_MMA
R12_04_LTN,2017,4,receive,52732455.66,4:09:46 PM,D_MMA
R12_04_LTN,2015,1,receive,52689280.00,3:38:28 PM,D_DNS
R12_04_LTN,2016,1,receive,52580718.31,1:27:44 PM,D_SSM
R12_04_LTN,2016,1,receive,52580718.31,1:27:44 PM,D_SSM
R12_04_LTN,2014,2,receive,52237232.00,4:00:40 PM,D_YYS
R12_04_LTN,2016,10,receive,51915097.00,3:59:47 PM,D_MMA
R12_04_LTN,2015,8,receive,51370805.00,1:18:09 PM,D_SSM
R12_04_LTN,2014,1,receive,48108250.18,5:14:04 PM,D_DNS
R12_04_LTN,2017,3,receive,46550000.00,11:40:55 AM,D_MMA
R12_04_LTN,2013,9,receive,46351854.00,5:37:23 PM,D_DNS
R12_04_LTN,2015,12,receive,45430000.00,1:27:18 PM,D_SSM
R12_04_LTN,2015,12,receive,44827436.00,1:27:18 PM,D_SSM
R12_04_LTN,2013,10,receive,44124849.00,5:37:42 PM,D_DNS
R12_04_LTN,2014,12,receive,42726662.72,3:01:23 PM,D_DNS
R12_04_LTN,2014,12,receive,42726662.72,3:01:23 PM,D_DNS
R12_04_LTN,2016,11,receive,42379712.00,4:59:42 PM,D_MMA
R12_04_LTN,2014,1,receive,41159854.00,5:14:04 PM,D_DNS
R12_04_LTN,2016,10,receive,41075000.00,3:59:47 PM,D_MMA
R12_04_LTN,2016,10,receive,40939650.00,3:59:47 PM,D_MMA
R12_04_LTN,2014,11,receive,40428201.00,12:26:18 PM,D_DNS
R12_04_LTN,2014,2,receive,39821814.58,4:00:40 PM,D_YYS
R12_04_LTN,2017,2,receive,39787718.44,11:04:47 AM,D_MMA
R12_04_LTN,2015,10,receive,39621450.00,1:24:31 PM,D_SSM
R12_04_LTN,2015,7,receive,39591103.00,1:13:52 PM,D_SSM
R12_04_LTN,2017,5,receive,39279216.00,6:37:45 PM,D_MMA
R12_04_LTN,2016,11,receive,38676250.00,4:59:42 PM,D_MMA
R12_04_LTN,2014,12,receive,38428015.00,3:01:23 PM,D_DNS
R12_04_LTN,2014,2,receive,37992619.00,4:00:40 PM,D_YYS
R12_04_LTN,2015,8,receive,37624068.30,1:18:09 PM,D_SSM
R12_04_LTN,2015,8,receive,37624068.30,1:18:09 PM,D_SSM
R12_04_LTN,2017,1,receive,37090238.00,2:24:56 PM,D_MMA
R12_04_LTN,2015,2,receive,36490695.53,2:08:48 PM,D_DNS
R12_04_LTN,2015,2,receive,36490695.53,2:08:48 PM,D_DNS
R12_04_LTN,2013,8,receive,35390250.00,2:31:53 PM,D_DNS
R12_04_LTN,2016,3,receive,35353892.40,3:04:04 PM,D_SSM
R12_04_LTN,2014,1,receive,35325000.00,5:14:04 PM,D_DNS
R12_04_LTN,2013,12,receive,34856137.21,11:35:15 AM,D_DNS4
R12_04_LTN,2016,12,receive,34497360.00,5:07:49 PM,D_MMA
R12_04_LTN,2015,9,receive,34181626.00,1:18:41 PM,D_SSM
R12_04_LTN,2017,2,receive,33637718.44,11:04:47 AM,D_MMA
R12_04_LTN,2013,11,receive,33511262.00,5:38:08 PM,D_DNS
R12_04_LTN,2016,9,receive,33373650.00,2:15:24 PM,D_MMA
R12_04_LTN,2013,6,receive,33039330.00,2:26:40 PM,D_DNS
R12_04_LTN,2015,10,receive,33008284.00,1:24:31 PM,D_SSM
R12_04_LTN,2013,9,receive,30976514.00,5:37:23 PM,D_DNS
R12_04_LTN,2014,12,receive,30501354.00,3:01:23 PM,D_DNS
R12_04_LTN,2016,9,receive,30389314.54,2:15:24 PM,D_MMA
R12_04_LTN,2016,9,receive,30389314.54,2:15:24 PM,D_MMA
R12_04_LTN,2014,9,receive,30125155.00,1:07:56 PM,D_DNS
R12_04_LTN,2014,10,receive,30009456.46,3:26:20 PM,D_DNS
R12_04_LTN,2014,10,receive,29986581.46,3:26:20 PM,D_DNS
R12_04_LTN,2016,3,receive,28954317.45,3:04:04 PM,D_SSM
R12_04_LTN,2014,9,receive,28718764.00,1:07:56 PM,D_DNS
R12_04_LTN,2016,9,receive,28479120.00,2:15:24 PM,D_MMA
R12_04_LTN,2014,6,receive,28401025.00,3:15:52 PM,D_DNS
R12_04_LTN,2014,10,receive,27375427.00,3:26:20 PM,D_DNS
R12_04_LTN,2014,10,receive,27360170.00,3:26:20 PM,D_DNS
R12_04_LTN,2015,1,receive,26771649.97,3:38:28 PM,D_DNS
R12_04_LTN,2015,1,receive,26771649.97,3:38:28 PM,D_DNS
R12_04_LTN,2015,6,receive,26521800.00,1:11:07 PM,D_SSM
R12_04_LTN,2013,11,receive,26341665.00,5:38:08 PM,D_DNS
R12_04_LTN,2015,1,receive,26190000.00,3:38:28 PM,D_DNS
R12_04_LTN,2013,8,receive,26071658.00,2:31:53 PM,D_DNS
R12_04_LTN,2014,12,receive,25947750.00,3:01:23 PM,D_DNS
R12_04_LTN,2017,3,receive,24194693.00,11:40:55 AM,D_MMA
R12_04_LTN,2016,10,receive,24076285.00,3:59:47 PM,D_MMA
R12_04_LTN,2016,2,receive,23841303.58,1:28:13 PM,D_SSM
R12_04_LTN,2016,2,receive,23841303.58,1:28:13 PM,D_SSM
R12_04_LTN,2013,7,receive,23520000.00,2:27:58 PM,D_DNS
R12_04_LTN,2015,11,receive,22655000.00,1:26:50 PM,D_SSM
R12_04_LTN,2015,5,receive,22337618.00,11:47:16 AM,D_SSM
R12_04_LTN,2014,6,receive,21851550.00,3:15:52 PM,D_DNS
R12_04_LTN,2014,10,receive,21366160.00,3:26:20 PM,D_DNS
R12_04_LTN,2015,12,receive,21245131.54,1:27:18 PM,D_SSM
R12_04_LTN,2015,12,receive,21245131.54,1:27:18 PM,D_SSM
R12_04_LTN,2013,7,receive,20863356.00,2:27:58 PM,D_DNS
R12_04_LTN,2014,1,receive,20419395.00,5:14:04 PM,D_DNS
R12_04_LTN,2015,2,receive,20111645.00,2:08:48 PM,D_DNS
R12_04_LTN,2014,4,receive,20020695.00,3:15:12 PM,D_DNS
R12_04_LTN,2017,2,receive,19379265.00,11:04:47 AM,D_MMA
R12_04_LTN,2013,6,receive,19230000.00,2:26:40 PM,D_DNS
R12_04_LTN,2013,6,receive,19230000.00,2:26:40 PM,D_DNS
R12_04_LTN,2014,11,receive,18965177.00,12:26:18 PM,D_DNS
R12_04_LTN,2017,3,receive,18914660.00,11:40:55 AM,D_MMA
R12_04_LTN,2015,3,receive,18862472.63,5:32:10 PM,D_DNS
R12_04_LTN,2013,7,receive,18836714.00,2:27:58 PM,D_DNS
R12_04_LTN,2015,8,receive,18716393.00,1:18:09 PM,D_SSM
R12_04_LTN,2016,8,receive,18534705.00,11:43:35 AM,D_MMA
R12_04_LTN,2016,5,receive,18315000.00,4:24:37 PM,D_MMA
R12_04_LTN,2015,6,receive,18108181.00,1:11:07 PM,D_SSM
R12_04_LTN,2015,9,receive,17975349.00,1:18:41 PM,D_SSM
R12_04_LTN,2015,9,receive,17904976.66,1:18:41 PM,D_SSM
R12_04_LTN,2015,9,receive,17904976.66,1:18:41 PM,D_SSM
R12_04_LTN,2013,8,receive,17832405.00,2:31:53 PM,D_DNS
R12_04_LTN,2017,1,receive,17236680.37,2:24:56 PM,D_MMA
R12_04_LTN,2017,1,receive,17236680.37,2:24:56 PM,D_MMA
R12_04_LTN,2015,11,receive,16812040.00,1:26:50 PM,D_SSM
R12_04_LTN,2015,3,receive,16738373.00,5:32:10 PM,D_DNS
R12_04_LTN,2013,8,receive,16313466.00,2:31:53 PM,D_DNS
R12_04_LTN,2015,7,receive,16287290.00,1:13:52 PM,D_SSM
R12_04_LTN,2013,12,receive,15892500.00,11:35:15 AM,D_DNS4
R12_04_LTN,2015,1,receive,15717195.00,3:38:28 PM,D_DNS
R12_04_LTN,2017,3,receive,15707008.02,11:40:55 AM,D_MMA
R12_04_LTN,2017,3,receive,15654286.00,11:40:55 AM,D_MMA
R12_04_LTN,2017,3,receive,15457143.00,11:40:55 AM,D_MMA
R12_04_LTN,2013,6,receive,14942807.00,2:26:40 PM,D_DNS
R12_04_LTN,2015,5,receive,14544052.00,11:47:16 AM,D_SSM
R12_04_LTN,2016,3,receive,14427206.00,3:04:04 PM,D_SSM
R12_04_LTN,2015,4,receive,14383106.00,11:46:47 AM,D_SSM
R12_04_LTN,2015,10,receive,14255000.00,1:24:31 PM,D_SSM
R12_04_LTN,2016,8,receive,14211239.00,11:43:35 AM,D_MMA
R12_04_LTN,2015,11,receive,14184286.00,1:26:50 PM,D_SSM
R12_04_LTN,2016,3,receive,14000000.00,3:04:04 PM,D_SSM
R12_04_LTN,2014,6,receive,13867326.00,3:15:52 PM,D_DNS
R12_04_LTN,2014,3,receive,13221895.00,2:24:57 PM,D_DNS
R12_04_LTN,2017,4,receive,13182142.00,4:09:46 PM,D_MMA
R12_04_LTN,2013,5,receive,13179070.00,2:21:17 PM,D_DNS
R12_04_LTN,2014,9,receive,13135320.00,1:07:56 PM,D_DNS
R12_04_LTN,2016,10,receive,13094896.38,3:59:47 PM,D_MMA
R12_04_LTN,2016,7,receive,13025749.00,3:54:56 PM,D_MMA
R12_04_LTN,2013,4,receive,12956774.00,3:21:02 PM,D_DNS
R12_04_LTN,2013,8,receive,12840000.00,2:31:53 PM,D_DNS
R12_04_LTN,2016,9,receive,12475000.00,2:15:24 PM,D_MMA
R12_04_LTN,2016,8,receive,12330000.00,11:43:35 AM,D_MMA
R12_04_LTN,2014,8,receive,12324495.00,1:25:23 PM,D_DNS
R12_04_LTN,2017,6,receive,12189550.00,11:54:05 AM,D_EKTW
R12_04_LTN,2017,6,receive,12189550.00,11:54:05 AM,D_EKTW
R12_04_LTN,2014,5,receive,12143314.00,3:15:32 PM,D_DNS
R12_04_LTN,2016,6,receive,12135122.00,1:26:24 PM,D_MMA
R12_04_LTN,2014,3,receive,12103465.00,2:24:57 PM,D_DNS
R12_04_LTN,2014,7,receive,11733140.00,2:22:29 PM,D_DNS
R12_04_LTN,2015,9,receive,11659013.00,1:18:41 PM,D_SSM
R12_04_LTN,2015,11,receive,11235474.50,1:26:50 PM,D_SSM
R12_04_LTN,2015,11,receive,11235474.50,1:26:50 PM,D_SSM
R12_04_LTN,2015,10,receive,11029091.00,1:24:31 PM,D_SSM
R12_04_LTN,2014,5,receive,10939475.00,3:15:32 PM,D_DNS
R12_04_LTN,2014,6,receive,10780600.00,3:15:52 PM,D_DNS
R12_04_LTN,2017,5,receive,10720800.00,6:37:45 PM,D_MMA
R12_04_LTN,2014,5,receive,10705436.00,3:15:32 PM,D_DNS
R12_04_LTN,2014,6,receive,10636536.78,3:15:52 PM,D_DNS
R12_04_LTN,2016,10,receive,10485055.00,3:59:47 PM,D_MMA
R12_04_LTN,2017,6,receive,10470000.00,11:54:05 AM,D_EKTW
R12_04_LTN,2014,4,receive,10392330.00,3:15:12 PM,D_DNS
R12_04_LTN,2016,3,receive,10222787.00,3:04:04 PM,D_SSM
R12_04_LTN,2017,1,receive,10049705.00,2:24:56 PM,D_MMA
R12_04_LTN,2014,2,receive,9975000.00,4:00:40 PM,D_YYS
R12_04_LTN,2014,7,receive,9717056.00,2:22:29 PM,D_DNS
R12_04_LTN,2013,12,receive,9695235.00,11:35:15 AM,D_DNS4
R12_04_LTN,2015,8,receive,9671915.00,1:18:09 PM,D_SSM
R12_04_LTN,2016,2,receive,9544012.00,1:28:13 PM,D_SSM
R12_04_LTN,2017,2,receive,9400330.00,11:04:47 AM,D_MMA
R12_04_LTN,2015,1,receive,9292355.00,3:38:28 PM,D_DNS
R12_04_LTN,2017,2,receive,9191095.00,11:04:47 AM,D_MMA
R12_04_LTN,2014,1,receive,9150000.00,5:14:04 PM,D_DNS
R12_04_LTN,2016,10,receive,9100000.00,3:59:47 PM,D_MMA
R12_04_LTN,2016,7,receive,9070000.00,3:54:56 PM,D_MMA
R12_04_LTN,2016,8,receive,9015000.00,11:43:35 AM,D_MMA
R12_04_LTN,2014,6,receive,9000000.00,3:15:52 PM,D_DNS
R12_04_LTN,2015,12,receive,8955929.00,1:27:18 PM,D_SSM
R12_04_LTN,2015,7,receive,8926859.00,1:13:52 PM,D_SSM
R12_04_LTN,2014,7,receive,8782332.00,2:22:29 PM,D_DNS
R12_04_LTN,2014,2,receive,8737165.00,4:00:40 PM,D_YYS
R12_04_LTN,2015,12,receive,8630965.00,1:27:18 PM,D_SSM
R12_04_LTN,2017,4,receive,8530800.00,4:09:46 PM,D_MMA
R12_04_LTN,2015,7,receive,8502900.00,1:13:52 PM,D_SSM
R12_04_LTN,2016,6,receive,8430000.00,1:26:24 PM,D_MMA
R12_04_LTN,2016,1,receive,8337129.67,1:27:44 PM,D_SSM
R12_04_LTN,2014,11,receive,8330000.00,12:26:18 PM,D_DNS
R12_04_LTN,2013,5,receive,8167731.00,2:21:17 PM,D_DNS
R12_04_LTN,2016,12,receive,8094571.00,5:07:49 PM,D_MMA
R12_04_LTN,2013,11,receive,7952726.45,5:38:08 PM,D_DNS
R12_04_LTN,2017,2,receive,7900000.00,11:04:47 AM,D_MMA
R12_04_LTN,2016,7,receive,7748239.00,3:54:56 PM,D_MMA
R12_04_LTN,2015,10,receive,7745741.25,1:24:31 PM,D_SSM
R12_04_LTN,2015,10,receive,7745741.25,1:24:31 PM,D_SSM
R12_04_LTN,2015,7,receive,7585853.00,1:13:52 PM,D_SSM
R12_04_LTN,2016,11,receive,7566095.00,4:59:42 PM,D_MMA
R12_04_LTN,2016,8,receive,7523732.00,11:43:35 AM,D_MMA
R12_04_LTN,2015,4,receive,7447360.00,11:46:47 AM,D_SSM
R12_04_LTN,2017,2,receive,7440000.00,11:04:47 AM,D_MMA
R12_04_LTN,2017,5,receive,7400000.00,6:37:45 PM,D_MMA
R12_04_LTN,2013,9,receive,7368995.88,5:37:23 PM,D_DNS
R12_04_LTN,2014,8,receive,7349915.00,1:25:23 PM,D_DNS
R12_04_LTN,2014,12,receive,7334145.00,3:01:23 PM,D_DNS
R12_04_LTN,2015,6,receive,7279960.00,1:11:07 PM,D_SSM
R12_04_LTN,2015,6,receive,7279960.00,1:11:07 PM,D_SSM
R12_04_LTN,2014,3,receive,7279608.00,2:24:57 PM,D_DNS
R12_04_LTN,2015,7,receive,7250476.00,1:13:52 PM,D_SSM
R12_04_LTN,2015,3,receive,7218676.00,5:32:10 PM,D_DNS
R12_04_LTN,2015,1,receive,7175571.00,3:38:28 PM,D_DNS
R12_04_LTN,2017,3,receive,7131323.00,11:40:55 AM,D_MMA
R12_04_LTN,2015,11,receive,7067740.00,1:26:50 PM,D_SSM
R12_04_LTN,2017,6,receive,7012281.00,11:54:05 AM,D_EKTW
R12_04_LTN,2015,8,receive,7000000.00,1:18:09 PM,D_SSM
R12_04_LTN,2016,10,receive,7000000.00,3:59:47 PM,D_MMA
R12_04_LTN,2015,2,receive,6956412.00,2:08:48 PM,D_DNS
R12_04_LTN,2016,12,receive,6881428.90,5:07:49 PM,D_MMA
R12_04_LTN,2016,12,receive,6881428.90,5:07:49 PM,D_MMA
R12_04_LTN,2014,4,receive,6727157.00,3:15:12 PM,D_DNS
R12_04_LTN,2014,1,receive,6687924.00,5:14:04 PM,D_DNS
R12_04_LTN,2013,4,receive,6653029.00,3:21:02 PM,D_DNS
R12_04_LTN,2016,2,receive,6603716.00,1:28:13 PM,D_SSM
R12_04_LTN,2013,6,receive,6557100.00,2:26:40 PM,D_DNS
R12_04_LTN,2015,7,receive,6550000.00,1:13:52 PM,D_SSM
R12_04_LTN,2014,3,receive,6543714.00,2:24:57 PM,D_DNS
R12_04_LTN,2014,3,receive,6536469.00,2:24:57 PM,D_DNS
R12_04_LTN,2015,3,receive,6469887.00,5:32:10 PM,D_DNS
R12_04_LTN,2016,2,receive,6447682.00,1:28:13 PM,D_SSM
R12_04_LTN,2014,11,receive,6372365.00,12:26:18 PM,D_DNS
R12_04_LTN,2017,3,receive,6308776.00,11:40:55 AM,D_MMA
R12_04_LTN,2016,9,receive,6291095.00,2:15:24 PM,D_MMA
R12_04_LTN,2015,3,receive,6202386.00,5:32:10 PM,D_DNS
R12_04_LTN,2016,6,receive,6192000.00,1:26:24 PM,D_MMA
R12_04_LTN,2017,1,receive,6182367.00,2:24:56 PM,D_MMA
R12_04_LTN,2017,2,receive,6150000.00,11:04:47 AM,D_MMA
R12_04_LTN,2015,7,receive,6122040.00,1:13:52 PM,D_SSM
R12_04_LTN,2014,9,receive,6120726.98,1:07:56 PM,D_DNS
R12_04_LTN,2016,10,receive,6094896.38,3:59:47 PM,D_MMA
R12_04_LTN,2013,5,receive,6078995.00,2:21:17 PM,D_DNS
R12_04_LTN,2016,11,receive,6070061.40,4:59:42 PM,D_MMA
R12_04_LTN,2014,6,receive,6046172.00,3:15:52 PM,D_DNS
R12_04_LTN,2014,9,receive,6036469.16,1:07:56 PM,D_DNS
R12_04_LTN,2015,2,receive,6021951.00,2:08:48 PM,D_DNS
R12_04_LTN,2015,6,receive,5998205.00,1:11:07 PM,D_SSM
R12_04_LTN,2014,8,receive,5966571.00,1:25:23 PM,D_DNS
R12_04_LTN,2016,7,receive,5902178.00,3:54:56 PM,D_MMA
R12_04_LTN,2015,4,receive,5868015.00,11:46:47 AM,D_SSM
R12_04_LTN,2017,5,receive,5868000.00,6:37:45 PM,D_MMA
R12_04_LTN,2015,8,receive,5858929.34,1:18:09 PM,D_SSM
R12_04_LTN,2013,7,receive,5857723.05,2:27:58 PM,D_DNS
R12_04_LTN,2014,4,receive,5845000.00,3:15:12 PM,D_DNS
R12_04_LTN,2015,4,receive,5820000.00,11:46:47 AM,D_SSM
R12_04_LTN,2014,10,receive,5800000.00,3:26:20 PM,D_DNS
R12_04_LTN,2014,11,receive,5791537.51,12:26:18 PM,D_DNS
R12_04_LTN,2014,11,receive,5791537.51,12:26:18 PM,D_DNS
R12_04_LTN,2017,2,receive,5754450.00,11:04:47 AM,D_MMA
R12_04_LTN,2014,12,receive,5736160.00,3:01:23 PM,D_DNS
R12_04_LTN,2013,11,receive,5722867.00,5:38:08 PM,D_DNS
R12_04_LTN,2016,7,receive,5684541.60,3:54:56 PM,D_MMA
R12_04_LTN,2016,11,receive,5677080.00,4:59:42 PM,D_MMA
R12_04_LTN,2016,1,receive,5647235.00,1:27:44 PM,D_SSM
R12_04_LTN,2013,4,receive,5621935.00,3:21:02 PM,D_DNS
R12_04_LTN,2013,5,receive,5581825.00,2:21:17 PM,D_DNS
R12_04_LTN,2015,3,receive,5575000.00,5:32:10 PM,D_DNS
R12_04_LTN,2017,6,receive,5504760.00,11:54:05 AM,D_EKTW
R12_04_LTN,2017,3,receive,5482691.00,11:40:55 AM,D_MMA
R12_04_LTN,2015,5,receive,5461305.00,11:47:16 AM,D_SSM
R12_04_LTN,2016,2,receive,5454629.00,1:28:13 PM,D_SSM
R12_04_LTN,2016,6,receive,5409953.00,1:26:24 PM,D_MMA
R12_04_LTN,2015,1,receive,5403946.00,3:38:28 PM,D_DNS
R12_04_LTN,2016,11,receive,5273305.00,4:59:42 PM,D_MMA
R12_04_LTN,2017,2,receive,5238700.00,11:04:47 AM,D_MMA
R12_04_LTN,2016,1,receive,5191586.00,1:27:44 PM,D_SSM
R12_04_LTN,2016,8,receive,5176286.00,11:43:35 AM,D_MMA
R12_04_LTN,2016,10,receive,5157215.00,3:59:47 PM,D_MMA
R12_04_LTN,2013,5,receive,5145000.00,2:21:17 PM,D_DNS
R12_04_LTN,2015,12,receive,5142742.00,1:27:18 PM,D_SSM
R12_04_LTN,2016,12,receive,5086564.00,5:07:49 PM,D_MMA
R12_04_LTN,2017,2,receive,4993928.00,11:04:47 AM,D_MMA
R12_04_LTN,2016,11,receive,4904066.00,4:59:42 PM,D_MMA
R12_04_LTN,2017,1,receive,4900000.00,2:24:56 PM,D_MMA
R12_04_LTN,2016,7,receive,4819900.00,3:54:56 PM,D_MMA
R12_04_LTN,2017,2,receive,4816852.00,11:04:47 AM,D_MMA
R12_04_LTN,2014,8,receive,4803326.50,1:25:23 PM,D_DNS
R12_04_LTN,2014,2,receive,4738612.00,4:00:40 PM,D_YYS
R12_04_LTN,2015,8,receive,4697143.00,1:18:09 PM,D_SSM
R12_04_LTN,2013,9,receive,4695000.00,5:37:23 PM,D_DNS
R12_04_LTN,2016,11,receive,4662453.30,4:59:42 PM,D_MMA
R12_04_LTN,2016,11,receive,4662453.30,4:59:42 PM,D_MMA
R12_04_LTN,2016,3,receive,4641645.00,3:04:04 PM,D_SSM
R12_04_LTN,2014,3,receive,4640000.00,2:24:57 PM,D_DNS
R12_04_LTN,2017,1,receive,4632537.00,2:24:56 PM,D_MMA
R12_04_LTN,2015,6,receive,4614447.00,1:11:07 PM,D_SSM
R12_04_LTN,2015,12,receive,4547541.00,1:27:18 PM,D_SSM
R12_04_LTN,2013,7,receive,4530652.84,2:27:58 PM,D_DNS
R12_04_LTN,2016,3,receive,4530000.00,3:04:04 PM,D_SSM
R12_04_LTN,2017,2,receive,4512000.00,11:04:47 AM,D_MMA
R12_04_LTN,2013,12,receive,4464063.00,11:35:15 AM,D_DNS4
R12_04_LTN,2015,2,receive,4430700.00,2:08:48 PM,D_DNS
R12_04_LTN,2014,2,receive,4390164.00,4:00:40 PM,D_YYS
R12_04_LTN,2013,12,receive,4372086.00,11:35:15 AM,D_DNS4
R12_04_LTN,2017,5,receive,4328572.00,6:37:45 PM,D_MMA
R12_04_LTN,2014,1,receive,4320467.00,5:14:04 PM,D_DNS
R12_04_LTN,2016,3,receive,4300000.00,3:04:04 PM,D_SSM
R12_04_LTN,2014,5,receive,4239702.00,3:15:32 PM,D_DNS
R12_04_LTN,2015,7,expense,4237612.90,1:13:52 PM,D_SSM
R12_04_LTN,2014,3,receive,4192071.18,2:24:57 PM,D_DNS
R12_04_LTN,2016,9,receive,4172864.00,2:15:24 PM,D_MMA
R12_04_LTN,2015,5,receive,4171071.00,11:47:16 AM,D_SSM
R12_04_LTN,2013,4,receive,4154806.14,3:21:02 PM,D_DNS
R12_04_LTN,2016,10,receive,4125569.62,3:59:47 PM,D_MMA
R12_04_LTN,2016,2,receive,4100000.00,1:28:13 PM,D_SSM
R12_04_LTN,2016,1,receive,4100000.00,1:27:44 PM,D_SSM
R12_04_LTN,2015,6,expense,4054000.00,1:11:07 PM,D_SSM
R12_04_LTN,2016,10,receive,4048805.00,3:59:47 PM,D_MMA
R12_04_LTN,2015,10,expense,3996500.00,1:24:31 PM,D_SSM
R12_04_LTN,2015,8,expense,3996500.00,1:18:09 PM,D_SSM
R12_04_LTN,2015,9,expense,3996500.00,1:18:41 PM,D_SSM
R12_04_LTN,2013,11,receive,3960000.00,5:38:08 PM,D_DNS
R12_04_LTN,2016,8,expense,3946064.52,11:43:35 AM,D_MMA
R12_04_LTN,2015,11,expense,3946024.19,1:26:50 PM,D_SSM
R12_04_LTN,2017,5,expense,3921000.00,6:37:45 PM,D_MMA
R12_04_LTN,2017,4,receive,3900000.00,4:09:46 PM,D_MMA
R12_04_LTN,2016,7,expense,3887935.48,3:54:56 PM,D_MMA
R12_04_LTN,2016,11,receive,3887199.00,4:59:42 PM,D_MMA
R12_04_LTN,2016,3,expense,3847193.55,3:04:04 PM,D_SSM
R12_04_LTN,2016,2,expense,3847000.00,1:28:13 PM,D_SSM
R12_04_LTN,2016,1,expense,3847000.00,1:27:44 PM,D_SSM
R12_04_LTN,2015,12,expense,3847000.00,1:27:18 PM,D_SSM
R12_04_LTN,2014,12,receive,3843054.00,3:01:23 PM,D_DNS
R12_04_LTN,2014,9,receive,3826048.00,1:07:56 PM,D_DNS
R12_04_LTN,2016,11,expense,3817354.84,4:59:42 PM,D_MMA
R12_04_LTN,2016,12,expense,3811472.43,5:07:49 PM,D_MMA
R12_04_LTN,2017,1,receive,3805000.00,2:24:56 PM,D_MMA
R12_04_LTN,2016,10,expense,3803935.48,3:59:47 PM,D_MMA
R12_04_LTN,2016,9,expense,3792703.91,2:15:24 PM,D_MMA
R12_04_LTN,2016,12,receive,3789000.00,5:07:49 PM,D_MMA
R12_04_LTN,2016,9,receive,3781000.00,2:15:24 PM,D_MMA
R12_04_LTN,2014,9,receive,3758566.00,1:07:56 PM,D_DNS
R12_04_LTN,2016,12,receive,3740544.00,5:07:49 PM,D_MMA
R12_04_LTN,2013,7,receive,3720000.00,2:27:58 PM,D_DNS
R12_04_LTN,2017,3,expense,3637000.00,11:40:55 AM,D_MMA
R12_04_LTN,2017,4,expense,3637000.00,4:09:46 PM,D_MMA
R12_04_LTN,2017,2,expense,3636571.43,11:04:47 AM,D_MMA
R12_04_LTN,2017,1,expense,3635000.00,2:24:56 PM,D_MMA
R12_04_LTN,2017,1,receive,3634060.00,2:24:56 PM,D_MMA
R12_04_LTN,2016,6,expense,3609400.00,1:26:24 PM,D_MMA
R12_04_LTN,2016,5,expense,3608612.89,4:24:37 PM,D_MMA
R12_04_LTN,2016,2,receive,3608581.00,1:28:13 PM,D_SSM
R12_04_LTN,2016,7,receive,3580000.00,3:54:56 PM,D_MMA
R12_04_LTN,2017,6,expense,3562466.66,11:54:05 AM,D_EKTW
R12_04_LTN,2016,1,receive,3552938.00,1:27:44 PM,D_SSM
R12_04_LTN,2014,9,receive,3540224.00,1:07:56 PM,D_DNS
R12_04_LTN,2014,12,receive,3512055.00,3:01:23 PM,D_DNS
R12_04_LTN,2014,1,receive,3479619.00,5:14:04 PM,D_DNS
R12_04_LTN,2015,5,expense,3479316.67,11:47:16 AM,D_SSM
R12_04_LTN,2016,12,receive,3431382.96,5:07:49 PM,D_MMA
R12_04_LTN,2017,4,receive,3399005.00,4:09:46 PM,D_MMA
R12_04_LTN,2014,1,receive,3392254.00,5:14:04 PM,D_DNS
R12_04_LTN,2015,6,receive,3391415.00,1:11:07 PM,D_SSM
R12_04_LTN,2016,12,receive,3388860.00,5:07:49 PM,D_MMA
R12_04_LTN,2015,7,receive,3387779.00,1:13:52 PM,D_SSM
R12_04_LTN,2013,9,receive,3376000.00,5:37:23 PM,D_DNS
R12_04_LTN,2015,4,expense,3343525.26,11:46:47 AM,D_SSM
R12_04_LTN,2013,12,receive,3335926.80,11:35:15 AM,D_DNS4
R12_04_LTN,2016,1,receive,3318000.00,1:27:44 PM,D_SSM
R12_04_LTN,2016,11,receive,3301193.50,4:59:42 PM,D_MMA
R12_04_LTN,2015,10,receive,3285000.00,1:24:31 PM,D_SSM
R12_04_LTN,2016,10,receive,3282415.00,3:59:47 PM,D_MMA
R12_04_LTN,2013,12,receive,3271005.00,11:35:15 AM,D_DNS4
R12_04_LTN,2015,12,receive,3265000.00,1:27:18 PM,D_SSM
R12_04_LTN,2014,11,receive,3246318.00,12:26:18 PM,D_DNS
R12_04_LTN,2017,6,receive,3238567.00,11:54:05 AM,D_EKTW
R12_04_LTN,2015,3,receive,3230000.00,5:32:10 PM,D_DNS
R12_04_LTN,2016,8,receive,3175480.00,11:43:35 AM,D_MMA
R12_04_LTN,2014,12,receive,3145000.00,3:01:23 PM,D_DNS
R12_04_LTN,2016,10,receive,3113000.00,3:59:47 PM,D_MMA
R12_04_LTN,2014,3,receive,3109523.00,2:24:57 PM,D_DNS
R12_04_LTN,2017,3,receive,3100000.00,11:40:55 AM,D_MMA
R12_04_LTN,2016,12,receive,3077797.00,5:07:49 PM,D_MMA
R12_04_LTN,2014,2,receive,3070952.00,4:00:40 PM,D_YYS
R12_04_LTN,2015,9,receive,3020500.00,1:18:41 PM,D_SSM
R12_04_LTN,2014,10,receive,3020016.00,3:26:20 PM,D_DNS
R12_04_LTN,2016,3,receive,3016900.00,3:04:04 PM,D_SSM
R12_04_LTN,2016,2,receive,3000000.00,1:28:13 PM,D_SSM
R12_04_LTN,2016,9,receive,3000000.00,2:15:24 PM,D_MMA
R12_04_LTN,2016,9,receive,2966990.00,2:15:24 PM,D_MMA
R12_04_LTN,2015,7,receive,2959121.78,1:13:52 PM,D_SSM
R12_04_LTN,2014,11,receive,2938730.00,12:26:18 PM,D_DNS
R12_04_LTN,2015,12,receive,2897000.00,1:27:18 PM,D_SSM
R12_04_LTN,2013,10,receive,2866930.00,5:37:42 PM,D_DNS
R12_04_LTN,2014,2,receive,2846480.00,4:00:40 PM,D_YYS
R12_04_LTN,2015,8,receive,2810582.00,1:18:09 PM,D_SSM
R12_04_LTN,2015,2,receive,2809523.00,2:08:48 PM,D_DNS
R12_04_LTN,2016,12,receive,2808929.00,5:07:49 PM,D_MMA
R12_04_LTN,2014,2,receive,2800000.00,4:00:40 PM,D_YYS
R12_04_LTN,2016,9,receive,2794930.00,2:15:24 PM,D_MMA
R12_04_LTN,2015,11,receive,2792714.00,1:26:50 PM,D_SSM
R12_04_LTN,2014,9,receive,2790000.00,1:07:56 PM,D_DNS
R12_04_LTN,2016,5,receive,2699000.00,4:24:37 PM,D_MMA
R12_04_LTN,2013,10,receive,2695500.00,5:37:42 PM,D_DNS
R12_04_LTN,2013,10,receive,2611305.00,5:37:42 PM,D_DNS
R12_04_LTN,2016,11,receive,2568286.00,4:59:42 PM,D_MMA
R12_04_LTN,2014,9,receive,2555000.00,1:07:56 PM,D_DNS
R12_04_LTN,2015,1,receive,2545238.00,3:38:28 PM,D_DNS
R12_04_LTN,2017,2,receive,2544480.00,11:04:47 AM,D_MMA
R12_04_LTN,2014,12,receive,2539571.00,3:01:23 PM,D_DNS
R12_04_LTN,2015,1,receive,2520000.00,3:38:28 PM,D_DNS
R12_04_LTN,2014,1,receive,2461928.00,5:14:04 PM,D_DNS
R12_04_LTN,2015,3,receive,2460000.00,5:32:10 PM,D_DNS
R12_04_LTN,2016,6,receive,2452670.45,1:26:24 PM,D_MMA
R12_04_LTN,2016,6,receive,2452670.45,1:26:24 PM,D_MMA
R12_04_LTN,2015,11,receive,2450000.00,1:26:50 PM,D_SSM
R12_04_LTN,2016,8,receive,2419697.00,11:43:35 AM,D_MMA
R12_04_LTN,2016,8,receive,2419697.00,11:43:35 AM,D_MMA
R12_04_LTN,2014,2,receive,2401200.00,4:00:40 PM,D_YYS
R12_04_LTN,2016,8,receive,2400000.00,11:43:35 AM,D_MMA
R12_04_LTN,2015,9,receive,2400000.00,1:18:41 PM,D_SSM
R12_04_LTN,2014,3,receive,2385238.00,2:24:57 PM,D_DNS
R12_04_LTN,2014,7,receive,2373739.00,2:22:29 PM,D_DNS
R12_04_LTN,2016,5,receive,2340000.00,4:24:37 PM,D_MMA
R12_04_LTN,2014,2,receive,2305000.00,4:00:40 PM,D_YYS
R12_04_LTN,2013,9,receive,2263138.00,5:37:23 PM,D_DNS
R12_04_LTN,2017,1,receive,2217200.00,2:24:56 PM,D_MMA
R12_04_LTN,2016,10,receive,2214259.00,3:59:47 PM,D_MMA
R12_04_LTN,2016,7,receive,2210405.00,3:54:56 PM,D_MMA
R12_04_LTN,2013,11,receive,2200000.00,5:38:08 PM,D_DNS
R12_04_LTN,2015,2,receive,2200000.00,2:08:48 PM,D_DNS
R12_04_LTN,2014,10,expense,2148086.02,3:26:20 PM,D_DNS
R12_04_LTN,2015,10,receive,2135162.00,1:24:31 PM,D_SSM
R12_04_LTN,2017,6,receive,2100000.00,11:54:05 AM,D_EKTW
R12_04_LTN,2013,10,receive,2090596.01,5:37:42 PM,D_DNS
R12_04_LTN,2015,8,receive,2073262.00,1:18:09 PM,D_SSM
R12_04_LTN,2016,8,receive,2057143.00,11:43:35 AM,D_MMA
R12_04_LTN,2014,7,receive,2056049.80,2:22:29 PM,D_DNS
R12_04_LTN,2014,4,receive,2053500.00,3:15:12 PM,D_DNS
R12_04_LTN,2015,8,receive,2040453.00,1:18:09 PM,D_SSM
R12_04_LTN,2013,11,receive,2030885.00,5:38:08 PM,D_DNS
R12_04_LTN,2015,9,receive,2030340.00,1:18:41 PM,D_SSM
R12_04_LTN,2013,12,receive,2020373.00,11:35:15 AM,D_DNS4
R12_04_LTN,2017,2,receive,2019472.00,11:04:47 AM,D_MMA
R12_04_LTN,2014,6,expense,2013704.30,3:15:52 PM,D_DNS
R12_04_LTN,2014,7,expense,2008500.51,2:22:29 PM,D_DNS
R12_04_LTN,2014,11,receive,2003690.00,12:26:18 PM,D_DNS
R12_04_LTN,2015,12,receive,2002464.83,1:27:18 PM,D_SSM
R12_04_LTN,2016,9,receive,1999313.00,2:15:24 PM,D_MMA
R12_04_LTN,2016,2,receive,1967000.00,1:28:13 PM,D_SSM
R12_04_LTN,2015,2,receive,1959597.00,2:08:48 PM,D_DNS
R12_04_LTN,2014,8,expense,1952516.13,1:25:23 PM,D_DNS
R12_04_LTN,2014,10,receive,1941353.00,3:26:20 PM,D_DNS
R12_04_LTN,2014,11,expense,1938000.00,12:26:18 PM,D_DNS
R12_04_LTN,2015,1,expense,1938000.00,3:38:28 PM,D_DNS
R12_04_LTN,2014,12,expense,1938000.00,3:01:23 PM,D_DNS
R12_04_LTN,2015,2,expense,1938000.00,2:08:48 PM,D_DNS
R12_04_LTN,2015,9,receive,1933191.00,1:18:41 PM,D_SSM
R12_04_LTN,2014,10,receive,1926352.00,3:26:20 PM,D_DNS
R12_04_LTN,2015,3,receive,1924000.00,5:32:10 PM,D_DNS
R12_04_LTN,2017,1,receive,1911192.00,2:24:56 PM,D_MMA
R12_04_LTN,2015,3,expense,1910516.13,5:32:10 PM,D_DNS
R12_04_LTN,2016,12,receive,1910000.00,5:07:49 PM,D_MMA
R12_04_LTN,2014,9,receive,1880476.00,1:07:56 PM,D_DNS
R12_04_LTN,2016,1,receive,1872000.00,1:27:44 PM,D_SSM
R12_04_LTN,2017,3,receive,1870000.00,11:40:55 AM,D_MMA
R12_04_LTN,2016,3,receive,1868400.00,3:04:04 PM,D_SSM
R12_04_LTN,2014,2,receive,1860168.00,4:00:40 PM,D_YYS
R12_04_LTN,2015,2,receive,1850193.00,2:08:48 PM,D_DNS
R12_04_LTN,2016,6,receive,1824262.00,1:26:24 PM,D_MMA
R12_04_LTN,2015,10,receive,1820000.00,1:24:31 PM,D_SSM
R12_04_LTN,2016,12,receive,1819900.00,5:07:49 PM,D_MMA
R12_04_LTN,2014,5,expense,1812397.85,3:15:32 PM,D_DNS
R12_04_LTN,2016,12,receive,1800000.00,5:07:49 PM,D_MMA
R12_04_LTN,2014,9,expense,1798000.00,1:07:56 PM,D_DNS
R12_04_LTN,2015,1,receive,1761648.00,3:38:28 PM,D_DNS
R12_04_LTN,2014,4,expense,1760010.24,3:15:12 PM,D_DNS
R12_04_LTN,2015,2,receive,1750181.00,2:08:48 PM,D_DNS
R12_04_LTN,2016,10,receive,1750000.00,3:59:47 PM,D_MMA
R12_04_LTN,2013,11,receive,1747200.00,5:38:08 PM,D_DNS
R12_04_LTN,2015,1,receive,1745208.00,3:38:28 PM,D_DNS
R12_04_LTN,2014,11,receive,1735714.00,12:26:18 PM,D_DNS
R12_04_LTN,2015,9,receive,1734270.00,1:18:41 PM,D_SSM
R12_04_LTN,2017,6,receive,1734270.00,11:54:05 AM,D_EKTW
R12_04_LTN,2015,10,receive,1730500.00,1:24:31 PM,D_SSM
R12_04_LTN,2015,2,receive,1730000.00,2:08:48 PM,D_DNS
R12_04_LTN,2014,12,receive,1728096.00,3:01:23 PM,D_DNS
R12_04_LTN,2015,10,receive,1709560.59,1:24:31 PM,D_SSM
R12_04_LTN,2014,7,receive,1692000.00,2:22:29 PM,D_DNS
R12_04_LTN,2014,1,receive,1690974.47,5:14:04 PM,D_DNS
R12_04_LTN,2016,7,receive,1662857.00,3:54:56 PM,D_MMA
R12_04_LTN,2017,4,receive,1651705.00,4:09:46 PM,D_MMA
R12_04_LTN,2016,9,receive,1651352.00,2:15:24 PM,D_MMA
R12_04_LTN,2014,10,receive,1640952.00,3:26:20 PM,D_DNS
R12_04_LTN,2017,2,receive,1640000.00,11:04:47 AM,D_MMA
R12_04_LTN,2016,8,receive,1630000.00,11:43:35 AM,D_MMA
R12_04_LTN,2013,8,receive,1628000.00,2:31:53 PM,D_DNS
R12_04_LTN,2016,11,receive,1600000.00,4:59:42 PM,D_MMA
R12_04_LTN,2015,10,receive,1600000.00,1:24:31 PM,D_SSM
R12_04_LTN,2017,4,receive,1600000.00,4:09:46 PM,D_MMA
R12_04_LTN,2015,9,receive,1598352.00,1:18:41 PM,D_SSM
R12_04_LTN,2015,9,receive,1582814.00,1:18:41 PM,D_SSM
R12_04_LTN,2013,12,receive,1581707.00,11:35:15 AM,D_DNS4
R12_04_LTN,2013,8,receive,1568000.00,2:31:53 PM,D_DNS
R12_04_LTN,2014,5,receive,1567577.64,3:15:32 PM,D_DNS
R12_04_LTN,2016,8,receive,1561600.00,11:43:35 AM,D_MMA
R12_04_LTN,2015,12,receive,1560000.00,1:27:18 PM,D_SSM
R12_04_LTN,2014,11,receive,1513540.00,12:26:18 PM,D_DNS
R12_04_LTN,2015,6,receive,1500000.00,1:11:07 PM,D_SSM
R12_04_LTN,2016,11,receive,1500000.00,4:59:42 PM,D_MMA
R12_04_LTN,2016,1,receive,1493400.00,1:27:44 PM,D_SSM
R12_04_LTN,2013,8,receive,1488063.00,2:31:53 PM,D_DNS
R12_04_LTN,2016,2,receive,1483143.00,1:28:13 PM,D_SSM
R12_04_LTN,2013,12,receive,1467659.38,11:35:15 AM,D_DNS4
R12_04_LTN,2015,11,receive,1458000.00,1:26:50 PM,D_SSM
R12_04_LTN,2017,5,receive,1457190.00,6:37:45 PM,D_MMA
R12_04_LTN,2014,2,expense,1456000.00,4:00:40 PM,D_YYS
R12_04_LTN,2014,3,expense,1456000.00,2:24:57 PM,D_DNS
R12_04_LTN,2014,6,receive,1449480.00,3:15:52 PM,D_DNS
R12_04_LTN,2015,5,receive,1440000.00,11:47:16 AM,D_SSM
R12_04_LTN,2013,5,expense,1439129.00,2:21:17 PM,D_DNS
R12_04_LTN,2013,4,expense,1437322.58,3:21:02 PM,D_DNS
R12_04_LTN,2013,6,expense,1436000.00,2:26:40 PM,D_DNS
R12_04_LTN,2015,12,receive,1430000.00,1:27:18 PM,D_SSM
R12_04_LTN,2014,1,expense,1429225.79,5:14:04 PM,D_DNS
R12_04_LTN,2013,11,expense,1417000.00,5:38:08 PM,D_DNS
R12_04_LTN,2013,12,expense,1417000.00,11:35:15 AM,D_DNS4
R12_04_LTN,2013,10,expense,1417000.00,5:37:42 PM,D_DNS
R12_04_LTN,2015,6,receive,1413000.00,1:11:07 PM,D_SSM
R12_04_LTN,2015,6,receive,1387221.00,1:11:07 PM,D_SSM
R12_04_LTN,2015,7,receive,1387200.49,1:13:52 PM,D_SSM
R12_04_LTN,2015,7,receive,1387200.49,1:13:52 PM,D_SSM
R12_04_LTN,2013,10,receive,1372599.00,5:37:42 PM,D_DNS
R12_04_LTN,2016,6,receive,1371689.00,1:26:24 PM,D_MMA
R12_04_LTN,2013,7,expense,1356322.54,2:27:58 PM,D_DNS
R12_04_LTN,2017,5,receive,1330000.00,6:37:45 PM,D_MMA
R12_04_LTN,2015,6,receive,1300000.00,1:11:07 PM,D_SSM
R12_04_LTN,2015,7,receive,1290715.00,1:13:52 PM,D_SSM
R12_04_LTN,2013,9,receive,1288358.97,5:37:23 PM,D_DNS
R12_04_LTN,2015,11,receive,1272609.00,1:26:50 PM,D_SSM
R12_04_LTN,2015,3,receive,1252699.00,5:32:10 PM,D_DNS
R12_04_LTN,2016,12,receive,1250000.00,5:07:49 PM,D_MMA
R12_04_LTN,2016,10,receive,1250000.00,3:59:47 PM,D_MMA
R12_04_LTN,2015,5,receive,1229588.00,11:47:16 AM,D_SSM
R12_04_LTN,2016,8,receive,1229195.00,11:43:35 AM,D_MMA
R12_04_LTN,2013,8,receive,1217923.55,2:31:53 PM,D_DNS
R12_04_LTN,2014,2,receive,1200476.00,4:00:40 PM,D_YYS
R12_04_LTN,2016,9,receive,1200000.00,2:15:24 PM,D_MMA
R12_04_LTN,2015,3,receive,1200000.00,5:32:10 PM,D_DNS
R12_04_LTN,2015,12,receive,1200000.00,1:27:18 PM,D_SSM
R12_04_LTN,2015,10,receive,1200000.00,1:24:31 PM,D_SSM
R12_04_LTN,2013,8,expense,1179967.74,2:31:53 PM,D_DNS
R12_04_LTN,2014,8,receive,1170000.00,1:25:23 PM,D_DNS
R12_04_LTN,2014,5,receive,1161000.00,3:15:32 PM,D_DNS
R12_04_LTN,2014,1,receive,1151572.00,5:14:04 PM,D_DNS
R12_04_LTN,2015,8,receive,1151500.00,1:18:09 PM,D_SSM
R12_04_LTN,2017,5,receive,1142857.00,6:37:45 PM,D_MMA
R12_04_LTN,2017,4,receive,1140000.00,4:09:46 PM,D_MMA
R12_04_LTN,2015,6,receive,1137017.00,1:11:07 PM,D_SSM
R12_04_LTN,2013,6,receive,1132000.00,2:26:40 PM,D_DNS
R12_04_LTN,2013,11,receive,1129380.00,5:38:08 PM,D_DNS
R12_04_LTN,2013,9,expense,1123000.00,5:37:23 PM,D_DNS
R12_04_LTN,2014,8,receive,1120000.00,1:25:23 PM,D_DNS
R12_04_LTN,2017,4,receive,1119553.00,4:09:46 PM,D_MMA
R12_04_LTN,2017,4,receive,1119553.00,4:09:46 PM,D_MMA
R12_04_LTN,2015,1,receive,1116278.00,3:38:28 PM,D_DNS
R12_04_LTN,2013,8,receive,1090880.00,2:31:53 PM,D_DNS
R12_04_LTN,2016,7,receive,1085471.00,3:54:56 PM,D_MMA
R12_04_LTN,2016,7,receive,1085471.00,3:54:56 PM,D_MMA
R12_04_LTN,2016,7,receive,1057143.00,3:54:56 PM,D_MMA
R12_04_LTN,2014,2,receive,1050000.00,4:00:40 PM,D_YYS
R12_04_LTN,2013,10,receive,1019485.00,5:37:42 PM,D_DNS
R12_04_LTN,2014,3,receive,1000000.00,2:24:57 PM,D_DNS
R12_04_LTN,2013,5,receive,1000000.00,2:21:17 PM,D_DNS
R12_04_LTN,2014,10,receive,1000000.00,3:26:20 PM,D_DNS
R12_04_LTN,2016,6,receive,1000000.00,1:26:24 PM,D_MMA
R12_04_LTN,2016,5,receive,1000000.00,4:24:37 PM,D_MMA
R12_04_LTN,2017,3,receive,1000000.00,11:40:55 AM,D_MMA
R12_04_LTN,2014,12,receive,988095.00,3:01:23 PM,D_DNS
R12_04_LTN,2013,5,receive,975820.24,2:21:17 PM,D_DNS
R12_04_LTN,2016,5,receive,967348.00,4:24:37 PM,D_MMA
R12_04_LTN,2015,9,receive,961904.00,1:18:41 PM,D_SSM
R12_04_LTN,2014,9,receive,959680.00,1:07:56 PM,D_DNS
R12_04_LTN,2016,11,receive,953000.00,4:59:42 PM,D_MMA
R12_04_LTN,2013,7,receive,939400.00,2:27:58 PM,D_DNS
R12_04_LTN,2014,10,receive,928571.00,3:26:20 PM,D_DNS
R12_04_LTN,2014,3,receive,909600.00,2:24:57 PM,D_DNS
R12_04_LTN,2016,5,receive,907000.00,4:24:37 PM,D_MMA
R12_04_LTN,2014,12,receive,904364.00,3:01:23 PM,D_DNS
R12_04_LTN,2014,7,receive,895000.00,2:22:29 PM,D_DNS
R12_04_LTN,2013,9,receive,894000.00,5:37:23 PM,D_DNS
R12_04_LTN,2017,4,receive,889563.00,4:09:46 PM,D_MMA
R12_04_LTN,2016,7,receive,875000.00,3:54:56 PM,D_MMA
R12_04_LTN,2014,12,receive,873120.00,3:01:23 PM,D_DNS
R12_04_LTN,2015,8,receive,870921.00,1:18:09 PM,D_SSM
R12_04_LTN,2013,12,receive,870000.00,11:35:15 AM,D_DNS4
R12_04_LTN,2015,10,receive,854888.00,1:24:31 PM,D_SSM
R12_04_LTN,2014,10,receive,850000.00,3:26:20 PM,D_DNS
R12_04_LTN,2016,8,receive,815269.00,11:43:35 AM,D_MMA
R12_04_LTN,2014,8,receive,810527.00,1:25:23 PM,D_DNS
R12_04_LTN,2017,1,receive,810000.00,2:24:56 PM,D_MMA
R12_04_LTN,2016,12,receive,801088.00,5:07:49 PM,D_MMA
R12_04_LTN,2016,3,receive,793280.00,3:04:04 PM,D_SSM
R12_04_LTN,2014,10,receive,788570.00,3:26:20 PM,D_DNS
R12_04_LTN,2013,6,receive,778963.19,2:26:40 PM,D_DNS
R12_04_LTN,2015,11,receive,775000.00,1:26:50 PM,D_SSM
R12_04_LTN,2013,7,receive,765915.00,2:27:58 PM,D_DNS
R12_04_LTN,2014,4,receive,765000.00,3:15:12 PM,D_DNS
R12_04_LTN,2014,3,receive,750000.00,2:24:57 PM,D_DNS
R12_04_LTN,2013,5,receive,737215.00,2:21:17 PM,D_DNS
R12_04_LTN,2014,11,receive,729773.00,12:26:18 PM,D_DNS
R12_04_LTN,2017,5,receive,728604.00,6:37:45 PM,D_MMA
R12_04_LTN,2013,4,receive,720000.00,3:21:02 PM,D_DNS
R12_04_LTN,2015,12,receive,715000.00,1:27:18 PM,D_SSM
R12_04_LTN,2016,11,receive,700481.00,4:59:42 PM,D_MMA
R12_04_LTN,2014,9,receive,700000.00,1:07:56 PM,D_DNS
R12_04_LTN,2014,10,receive,688692.96,3:26:20 PM,D_DNS
R12_04_LTN,2013,8,receive,680000.00,2:31:53 PM,D_DNS
R12_04_LTN,2015,4,receive,677202.00,11:46:47 AM,D_SSM
R12_04_LTN,2016,6,receive,675000.00,1:26:24 PM,D_MMA
R12_04_LTN,2014,3,receive,670000.00,2:24:57 PM,D_DNS
R12_04_LTN,2015,4,receive,669432.00,11:46:47 AM,D_SSM
R12_04_LTN,2015,4,receive,669432.00,11:46:47 AM,D_SSM
R12_04_LTN,2014,2,receive,668277.04,4:00:40 PM,D_YYS
R12_04_LTN,2016,7,receive,666095.00,3:54:56 PM,D_MMA
R12_04_LTN,2015,5,receive,660146.00,11:47:16 AM,D_SSM
R12_04_LTN,2015,5,receive,660146.00,11:47:16 AM,D_SSM
R12_04_LTN,2016,10,receive,660000.00,3:59:47 PM,D_MMA
R12_04_LTN,2016,5,receive,649235.00,4:24:37 PM,D_MMA
R12_04_LTN,2014,6,expense,630000.00,3:15:52 PM,D_DNS
R12_04_LTN,2014,7,expense,626129.03,2:22:29 PM,D_DNS
R12_04_LTN,2014,8,expense,600000.00,1:25:23 PM,D_DNS
R12_04_LTN,2017,1,receive,600000.00,2:24:56 PM,D_MMA
R12_04_LTN,2017,6,receive,600000.00,11:54:05 AM,D_EKTW
R12_04_LTN,2017,2,receive,600000.00,11:04:47 AM,D_MMA
R12_04_LTN,2016,6,receive,591963.02,1:26:24 PM,D_MMA
R12_04_LTN,2013,12,receive,590000.00,11:35:15 AM,D_DNS4
R12_04_LTN,2014,10,expense,570000.00,3:26:20 PM,D_DNS
R12_04_LTN,2014,11,expense,570000.00,12:26:18 PM,D_DNS
R12_04_LTN,2014,12,expense,570000.00,3:01:23 PM,D_DNS
R12_04_LTN,2015,1,expense,570000.00,3:38:28 PM,D_DNS
R12_04_LTN,2015,2,expense,570000.00,2:08:48 PM,D_DNS
R12_04_LTN,2014,4,receive,566628.98,3:15:12 PM,D_DNS
R12_04_LTN,2015,3,expense,564193.55,5:32:10 PM,D_DNS
R12_04_LTN,2017,3,receive,562000.00,11:40:55 AM,D_MMA
R12_04_LTN,2013,10,receive,561904.00,5:37:42 PM,D_DNS
R12_04_LTN,2014,1,receive,560000.00,5:14:04 PM,D_DNS
R12_04_LTN,2014,3,expense,560000.00,2:24:57 PM,D_DNS
R12_04_LTN,2015,3,receive,560000.00,5:32:10 PM,D_DNS
R12_04_LTN,2014,5,expense,557419.35,3:15:32 PM,D_DNS
R12_04_LTN,2014,1,receive,556191.00,5:14:04 PM,D_DNS
R12_04_LTN,2015,6,receive,550000.00,1:11:07 PM,D_SSM
R12_04_LTN,2013,11,receive,546500.00,5:38:08 PM,D_DNS
R12_04_LTN,2013,10,receive,545040.00,5:37:42 PM,D_DNS
R12_04_LTN,2013,10,expense,540000.00,5:37:42 PM,D_DNS
R12_04_LTN,2013,12,expense,540000.00,11:35:15 AM,D_DNS4
R12_04_LTN,2013,11,expense,540000.00,5:38:08 PM,D_DNS
R12_04_LTN,2014,2,expense,540000.00,4:00:40 PM,D_YYS
R12_04_LTN,2014,1,expense,540000.00,5:14:04 PM,D_DNS
R12_04_LTN,2013,4,expense,540000.00,3:21:02 PM,D_DNS
R12_04_LTN,2013,6,expense,540000.00,2:26:40 PM,D_DNS
R12_04_LTN,2013,5,expense,540000.00,2:21:17 PM,D_DNS
R12_04_LTN,2014,3,expense,540000.00,2:24:57 PM,D_DNS
R12_04_LTN,2014,4,expense,540000.00,3:15:12 PM,D_DNS
R12_04_LTN,2014,9,expense,540000.00,1:07:56 PM,D_DNS
R12_04_LTN,2013,9,receive,534970.00,5:37:23 PM,D_DNS
R12_04_LTN,2016,12,receive,530000.00,5:07:49 PM,D_MMA
R12_04_LTN,2015,3,receive,523810.00,5:32:10 PM,D_DNS
R12_04_LTN,2013,7,expense,521612.90,2:27:58 PM,D_DNS
R12_04_LTN,2016,1,receive,515000.00,1:27:44 PM,D_SSM
R12_04_LTN,2015,4,receive,506278.00,11:46:47 AM,D_SSM
R12_04_LTN,2013,8,receive,501229.00,2:31:53 PM,D_DNS
R12_04_LTN,2013,11,receive,500000.00,5:38:08 PM,D_DNS
R12_04_LTN,2013,11,receive,490000.00,5:38:08 PM,D_DNS
R12_04_LTN,2015,4,receive,486125.00,11:46:47 AM,D_SSM
R12_04_LTN,2016,2,receive,476595.67,1:28:13 PM,D_SSM
R12_04_LTN,2015,3,expense,472152.84,5:32:10 PM,D_DNS
R12_04_LTN,2015,1,receive,471500.00,3:38:28 PM,D_DNS
R12_04_LTN,2015,11,receive,465260.00,1:26:50 PM,D_SSM
R12_04_LTN,2016,11,receive,459500.00,4:59:42 PM,D_MMA
R12_04_LTN,2014,11,receive,454524.00,12:26:18 PM,D_DNS
R12_04_LTN,2014,3,receive,451273.00,2:24:57 PM,D_DNS
R12_04_LTN,2013,10,receive,450000.00,5:37:42 PM,D_DNS
R12_04_LTN,2013,8,expense,450000.00,2:31:53 PM,D_DNS
R12_04_LTN,2014,8,receive,446542.64,1:25:23 PM,D_DNS
R12_04_LTN,2014,9,receive,445238.00,1:07:56 PM,D_DNS
R12_04_LTN,2014,12,receive,445000.00,3:01:23 PM,D_DNS
R12_04_LTN,2014,5,receive,441566.00,3:15:32 PM,D_DNS
R12_04_LTN,2016,1,expense,434900.00,1:27:44 PM,D_SSM
R12_04_LTN,2017,4,receive,430000.00,4:09:46 PM,D_MMA
R12_04_LTN,2015,10,receive,426703.00,1:24:31 PM,D_SSM
R12_04_LTN,2017,1,receive,423000.00,2:24:56 PM,D_MMA
R12_04_LTN,2017,3,receive,421740.00,11:40:55 AM,D_MMA
R12_04_LTN,2013,9,expense,420000.00,5:37:23 PM,D_DNS
R12_04_LTN,2013,7,receive,418000.00,2:27:58 PM,D_DNS
R12_04_LTN,2014,8,receive,413429.00,1:25:23 PM,D_DNS
R12_04_LTN,2016,12,receive,410000.00,5:07:49 PM,D_MMA
R12_04_LTN,2013,12,receive,405000.00,11:35:15 AM,D_DNS4
R12_04_LTN,2016,7,receive,399886.00,3:54:56 PM,D_MMA
R12_04_LTN,2015,5,receive,395592.00,11:47:16 AM,D_SSM
R12_04_LTN,2015,9,receive,391559.11,1:18:41 PM,D_SSM
R12_04_LTN,2016,9,receive,378400.00,2:15:24 PM,D_MMA
R12_04_LTN,2014,2,receive,376191.00,4:00:40 PM,D_YYS
R12_04_LTN,2014,11,receive,367000.00,12:26:18 PM,D_DNS
R12_04_LTN,2015,11,expense,351700.00,1:26:50 PM,D_SSM
R12_04_LTN,2013,4,receive,350000.00,3:21:02 PM,D_DNS
R12_04_LTN,2017,3,expense,350000.00,11:40:55 AM,D_MMA
R12_04_LTN,2016,9,receive,347500.00,2:15:24 PM,D_MMA
R12_04_LTN,2015,11,receive,347084.67,1:26:50 PM,D_SSM
R12_04_LTN,2016,8,receive,345000.00,11:43:35 AM,D_MMA
R12_04_LTN,2015,6,receive,334063.78,1:11:07 PM,D_SSM
R12_04_LTN,2017,1,receive,330001.00,2:24:56 PM,D_MMA
R12_04_LTN,2016,5,receive,328518.00,4:24:37 PM,D_MMA
R12_04_LTN,2016,5,receive,328518.00,4:24:37 PM,D_MMA
R12_04_LTN,2013,4,receive,325000.00,3:21:02 PM,D_DNS
R12_04_LTN,2015,6,receive,315000.00,1:11:07 PM,D_SSM
R12_04_LTN,2017,5,receive,310569.00,6:37:45 PM,D_MMA
R12_04_LTN,2015,4,receive,302619.00,11:46:47 AM,D_SSM
R12_04_LTN,2014,7,receive,300000.00,2:22:29 PM,D_DNS
R12_04_LTN,2014,5,receive,300000.00,3:15:32 PM,D_DNS
R12_04_LTN,2017,6,receive,300000.00,11:54:05 AM,D_EKTW
R12_04_LTN,2014,4,receive,297000.00,3:15:12 PM,D_DNS
R12_04_LTN,2013,7,receive,295924.00,2:27:58 PM,D_DNS
R12_04_LTN,2014,7,receive,290000.00,2:22:29 PM,D_DNS
R12_04_LTN,2014,1,receive,281380.00,5:14:04 PM,D_DNS
R12_04_LTN,2015,9,expense,275600.00,1:18:41 PM,D_SSM
R12_04_LTN,2013,12,receive,274560.00,11:35:15 AM,D_DNS4
R12_04_LTN,2013,12,receive,270000.00,11:35:15 AM,D_DNS4
R12_04_LTN,2016,2,expense,262500.00,1:28:13 PM,D_SSM
R12_04_LTN,2015,8,receive,254416.00,1:18:09 PM,D_SSM
R12_04_LTN,2015,2,receive,253717.50,2:08:48 PM,D_DNS
R12_04_LTN,2017,1,expense,250000.00,2:24:56 PM,D_MMA
R12_04_LTN,2014,9,receive,248952.00,1:07:56 PM,D_DNS
R12_04_LTN,2016,6,receive,247857.00,1:26:24 PM,D_MMA
R12_04_LTN,2013,9,receive,245000.00,5:37:23 PM,D_DNS
R12_04_LTN,2015,6,receive,238000.00,1:11:07 PM,D_SSM
R12_04_LTN,2014,5,receive,231000.00,3:15:32 PM,D_DNS
R12_04_LTN,2014,8,receive,230000.00,1:25:23 PM,D_DNS
R12_04_LTN,2013,11,receive,226482.49,5:38:08 PM,D_DNS
R12_04_LTN,2015,2,receive,220000.00,2:08:48 PM,D_DNS
R12_04_LTN,2014,4,receive,219899.00,3:15:12 PM,D_DNS
R12_04_LTN,2017,3,expense,210452.00,11:40:55 AM,D_MMA
R12_04_LTN,2015,3,receive,210000.00,5:32:10 PM,D_DNS
R12_04_LTN,2016,1,receive,210000.00,1:27:44 PM,D_SSM
R12_04_LTN,2013,6,receive,209000.00,2:26:40 PM,D_DNS
R12_04_LTN,2017,6,receive,207556.00,11:54:05 AM,D_EKTW
R12_04_LTN,2015,7,receive,206597.40,1:13:52 PM,D_SSM
R12_04_LTN,2017,5,receive,206000.00,6:37:45 PM,D_MMA
R12_04_LTN,2014,6,receive,205262.00,3:15:52 PM,D_DNS
R12_04_LTN,2013,4,receive,204285.00,3:21:02 PM,D_DNS
R12_04_LTN,2016,8,receive,203100.00,11:43:35 AM,D_MMA
R12_04_LTN,2016,9,receive,201778.00,2:15:24 PM,D_MMA
R12_04_LTN,2017,6,receive,200915.00,11:54:05 AM,D_EKTW
R12_04_LTN,2016,10,receive,200548.00,3:59:47 PM,D_MMA
R12_04_LTN,2016,3,receive,200315.00,3:04:04 PM,D_SSM
R12_04_LTN,2016,8,receive,200000.00,11:43:35 AM,D_MMA
R12_04_LTN,2016,11,receive,200000.00,4:59:42 PM,D_MMA
R12_04_LTN,2015,10,receive,200000.00,1:24:31 PM,D_SSM
R12_04_LTN,2014,6,receive,200000.00,3:15:52 PM,D_DNS
R12_04_LTN,2017,6,receive,200000.00,11:54:05 AM,D_EKTW
R12_04_LTN,2017,6,receive,200000.00,11:54:05 AM,D_EKTW
R12_04_LTN,2017,2,expense,200000.00,11:04:47 AM,D_MMA
R12_04_LTN,2016,6,receive,190000.00,1:26:24 PM,D_MMA
R12_04_LTN,2016,10,receive,185000.00,3:59:47 PM,D_MMA
R12_04_LTN,2017,6,expense,181800.00,11:54:05 AM,D_EKTW
R12_04_LTN,2014,5,receive,176000.00,3:15:32 PM,D_DNS
R12_04_LTN,2013,10,receive,176000.00,5:37:42 PM,D_DNS
R12_04_LTN,2016,3,expense,175500.00,3:04:04 PM,D_SSM
R12_04_LTN,2013,11,receive,173690.00,5:38:08 PM,D_DNS
R12_04_LTN,2017,5,receive,171802.19,6:37:45 PM,D_MMA
R12_04_LTN,2017,5,receive,171802.19,6:37:45 PM,D_MMA
R12_04_LTN,2015,9,receive,170000.00,1:18:41 PM,D_SSM
R12_04_LTN,2016,3,expense,169450.00,3:04:04 PM,D_SSM
R12_04_LTN,2016,9,expense,164250.00,2:15:24 PM,D_MMA
R12_04_LTN,2015,3,expense,157050.00,5:32:10 PM,D_DNS
R12_04_LTN,2014,3,expense,156300.00,2:24:57 PM,D_DNS
R12_04_LTN,2013,9,receive,155216.00,5:37:23 PM,D_DNS
R12_04_LTN,2014,8,receive,150000.00,1:25:23 PM,D_DNS
R12_04_LTN,2014,11,receive,150000.00,12:26:18 PM,D_DNS
R12_04_LTN,2015,8,receive,150000.00,1:18:09 PM,D_SSM
R12_04_LTN,2015,11,receive,150000.00,1:26:50 PM,D_SSM
R12_04_LTN,2016,5,receive,150000.00,4:24:37 PM,D_MMA
R12_04_LTN,2016,2,receive,150000.00,1:28:13 PM,D_SSM
R12_04_LTN,2013,4,receive,145000.00,3:21:02 PM,D_DNS
R12_04_LTN,2015,1,receive,143804.00,3:38:28 PM,D_DNS
R12_04_LTN,2016,3,receive,142780.00,3:04:04 PM,D_SSM
R12_04_LTN,2014,3,expense,141400.00,2:24:57 PM,D_DNS
R12_04_LTN,2013,6,receive,140000.00,2:26:40 PM,D_DNS
R12_04_LTN,2013,7,receive,140000.00,2:27:58 PM,D_DNS
R12_04_LTN,2013,10,expense,133800.00,5:37:42 PM,D_DNS
R12_04_LTN,2015,7,receive,133333.00,1:13:52 PM,D_SSM
R12_04_LTN,2015,12,receive,130788.00,1:27:18 PM,D_SSM
R12_04_LTN,2016,3,receive,130788.00,3:04:04 PM,D_SSM
R12_04_LTN,2013,11,receive,130000.00,5:38:08 PM,D_DNS
R12_04_LTN,2013,9,receive,130000.00,5:37:23 PM,D_DNS
R12_04_LTN,2013,9,expense,128400.00,5:37:23 PM,D_DNS
R12_04_LTN,2016,1,receive,126940.00,1:27:44 PM,D_SSM
R12_04_LTN,2017,3,expense,126400.00,11:40:55 AM,D_MMA
R12_04_LTN,2013,11,receive,122965.00,5:38:08 PM,D_DNS
R12_04_LTN,2013,6,receive,120000.00,2:26:40 PM,D_DNS
R12_04_LTN,2014,4,receive,120000.00,3:15:12 PM,D_DNS
R12_04_LTN,2013,7,receive,119155.00,2:27:58 PM,D_DNS
R12_04_LTN,2013,8,expense,118800.00,2:31:53 PM,D_DNS
R12_04_LTN,2016,6,receive,118000.00,1:26:24 PM,D_MMA
R12_04_LTN,2013,7,expense,113400.00,2:27:58 PM,D_DNS
R12_04_LTN,2013,5,expense,113400.00,2:21:17 PM,D_DNS
R12_04_LTN,2013,12,expense,113400.00,11:35:15 AM,D_DNS4
R12_04_LTN,2015,9,receive,113071.60,1:18:41 PM,D_SSM
R12_04_LTN,2013,6,receive,110000.00,2:26:40 PM,D_DNS
R12_04_LTN,2013,6,expense,108000.00,2:26:40 PM,D_DNS
R12_04_LTN,2013,11,expense,108000.00,5:38:08 PM,D_DNS
R12_04_LTN,2014,3,expense,108000.00,2:24:57 PM,D_DNS
R12_04_LTN,2015,3,expense,108000.00,5:32:10 PM,D_DNS
R12_04_LTN,2015,2,expense,106860.00,2:08:48 PM,D_DNS
R12_04_LTN,2013,9,expense,102100.00,5:37:23 PM,D_DNS
R12_04_LTN,2013,10,receive,100000.00,5:37:42 PM,D_DNS
R12_04_LTN,2013,9,receive,100000.00,5:37:23 PM,D_DNS
R12_04_LTN,2014,8,receive,100000.00,1:25:23 PM,D_DNS
R12_04_LTN,2015,1,receive,100000.00,3:38:28 PM,D_DNS
R12_04_LTN,2015,7,receive,100000.00,1:13:52 PM,D_SSM
R12_04_LTN,2015,8,receive,100000.00,1:18:09 PM,D_SSM
R12_04_LTN,2015,11,expense,100000.00,1:26:50 PM,D_SSM
R12_04_LTN,2017,1,receive,100000.00,2:24:56 PM,D_MMA
R12_04_LTN,2014,5,expense,97000.00,3:15:32 PM,D_DNS
R12_04_LTN,2014,4,expense,96000.00,3:15:12 PM,D_DNS
R12_04_LTN,2014,2,expense,96000.00,4:00:40 PM,D_YYS
R12_04_LTN,2013,4,receive,94070.00,3:21:02 PM,D_DNS
R12_04_LTN,2014,9,expense,93050.00,1:07:56 PM,D_DNS
R12_04_LTN,2013,4,receive,92648.83,3:21:02 PM,D_DNS
R12_04_LTN,2013,9,receive,90000.00,5:37:23 PM,D_DNS
R12_04_LTN,2014,7,receive,89960.00,2:22:29 PM,D_DNS
R12_04_LTN,2013,5,receive,89377.00,2:21:17 PM,D_DNS
R12_04_LTN,2014,7,receive,88167.00,2:22:29 PM,D_DNS
R12_04_LTN,2013,4,expense,86400.00,3:21:02 PM,D_DNS
R12_04_LTN,2014,6,receive,85535.00,3:15:52 PM,D_DNS
R12_04_LTN,2016,10,expense,83000.00,3:59:47 PM,D_MMA
R12_04_LTN,2015,9,expense,80750.00,1:18:41 PM,D_SSM
R12_04_LTN,2014,7,receive,80000.00,2:22:29 PM,D_DNS
R12_04_LTN,2014,3,expense,74200.00,2:24:57 PM,D_DNS
R12_04_LTN,2016,5,receive,73000.00,4:24:37 PM,D_MMA
R12_04_LTN,2016,3,expense,72000.00,3:04:04 PM,D_SSM
R12_04_LTN,2016,9,expense,72000.00,2:15:24 PM,D_MMA
R12_04_LTN,2015,9,expense,72000.00,1:18:41 PM,D_SSM
R12_04_LTN,2017,3,expense,72000.00,11:40:55 AM,D_MMA
R12_04_LTN,2016,6,expense,70500.00,1:26:24 PM,D_MMA
R12_04_LTN,2014,8,receive,70000.00,1:25:23 PM,D_DNS
R12_04_LTN,2015,1,receive,70000.00,3:38:28 PM,D_DNS
R12_04_LTN,2016,7,expense,69000.00,3:54:56 PM,D_MMA
R12_04_LTN,2017,3,expense,68635.00,11:40:55 AM,D_MMA
R12_04_LTN,2016,7,expense,67000.00,3:54:56 PM,D_MMA
R12_04_LTN,2017,5,receive,66000.00,6:37:45 PM,D_MMA
R12_04_LTN,2015,5,receive,64600.00,11:47:16 AM,D_SSM
R12_04_LTN,2014,5,receive,63240.00,3:15:32 PM,D_DNS
R12_04_LTN,2017,6,expense,62000.00,11:54:05 AM,D_EKTW
R12_04_LTN,2014,9,expense,61700.00,1:07:56 PM,D_DNS
R12_04_LTN,2015,10,expense,60750.00,1:24:31 PM,D_SSM
R12_04_LTN,2016,10,expense,60000.00,3:59:47 PM,D_MMA
R12_04_LTN,2014,1,expense,59400.00,5:14:04 PM,D_DNS
R12_04_LTN,2016,7,expense,56250.00,3:54:56 PM,D_MMA
R12_04_LTN,2014,1,expense,54000.00,5:14:04 PM,D_DNS
R12_04_LTN,2013,10,expense,54000.00,5:37:42 PM,D_DNS
R12_04_LTN,2016,3,expense,53000.00,3:04:04 PM,D_SSM
R12_04_LTN,2016,1,receive,52452.00,1:27:44 PM,D_SSM
R12_04_LTN,2015,8,receive,52381.00,1:18:09 PM,D_SSM
R12_04_LTN,2016,9,expense,52250.00,2:15:24 PM,D_MMA
R12_04_LTN,2014,4,receive,51480.00,3:15:12 PM,D_DNS
R12_04_LTN,2014,2,expense,51300.00,4:00:40 PM,D_YYS
R12_04_LTN,2014,7,expense,50000.00,2:22:29 PM,D_DNS
R12_04_LTN,2014,7,expense,50000.00,2:22:29 PM,D_DNS
R12_04_LTN,2014,9,expense,50000.00,1:07:56 PM,D_DNS
R12_04_LTN,2016,9,receive,50000.00,2:15:24 PM,D_MMA
R12_04_LTN,2016,8,expense,50000.00,11:43:35 AM,D_MMA
R12_04_LTN,2016,8,receive,50000.00,11:43:35 AM,D_MMA
R12_04_LTN,2016,7,receive,50000.00,3:54:56 PM,D_MMA
R12_04_LTN,2015,5,receive,50000.00,11:47:16 AM,D_SSM
R12_04_LTN,2017,6,receive,50000.00,11:54:05 AM,D_EKTW
R12_04_LTN,2017,3,expense,50000.00,11:40:55 AM,D_MMA
R12_04_LTN,2014,11,receive,49270.00,12:26:18 PM,D_DNS
R12_04_LTN,2014,9,expense,48000.00,1:07:56 PM,D_DNS
R12_04_LTN,2014,12,expense,48000.00,3:01:23 PM,D_DNS
R12_04_LTN,2014,1,expense,48000.00,5:14:04 PM,D_DNS
R12_04_LTN,2013,12,expense,48000.00,11:35:15 AM,D_DNS4
R12_04_LTN,2015,6,expense,47593.00,1:11:07 PM,D_SSM
R12_04_LTN,2016,1,expense,47500.00,1:27:44 PM,D_SSM
R12_04_LTN,2016,2,expense,47000.00,1:28:13 PM,D_SSM
R12_04_LTN,2016,1,expense,46850.00,1:27:44 PM,D_SSM
R12_04_LTN,2015,12,expense,46000.00,1:27:18 PM,D_SSM
R12_04_LTN,2016,12,expense,43310.00,5:07:49 PM,D_MMA
R12_04_LTN,2016,10,expense,42200.00,3:59:47 PM,D_MMA
R12_04_LTN,2015,2,expense,40000.00,2:08:48 PM,D_DNS
R12_04_LTN,2013,4,expense,40000.00,3:21:02 PM,D_DNS
R12_04_LTN,2013,4,receive,40000.00,3:21:02 PM,D_DNS
R12_04_LTN,2013,5,receive,40000.00,2:21:17 PM,D_DNS
R12_04_LTN,2015,1,receive,40000.00,3:38:28 PM,D_DNS
R12_04_LTN,2014,10,expense,40000.00,3:26:20 PM,D_DNS
R12_04_LTN,2014,3,expense,40000.00,2:24:57 PM,D_DNS
R12_04_LTN,2014,6,receive,40000.00,3:15:52 PM,D_DNS
R12_04_LTN,2015,5,expense,39050.00,11:47:16 AM,D_SSM
R12_04_LTN,2014,5,expense,33950.00,3:15:32 PM,D_DNS
R12_04_LTN,2015,3,expense,33250.00,5:32:10 PM,D_DNS
R12_04_LTN,2015,4,expense,33132.00,11:46:47 AM,D_SSM
R12_04_LTN,2013,7,expense,33130.00,2:27:58 PM,D_DNS
R12_04_LTN,2015,5,expense,33000.00,11:47:16 AM,D_SSM
R12_04_LTN,2016,6,expense,32450.00,1:26:24 PM,D_MMA
R12_04_LTN,2016,8,expense,31500.00,11:43:35 AM,D_MMA
R12_04_LTN,2015,9,expense,31400.00,1:18:41 PM,D_SSM
R12_04_LTN,2016,3,expense,30822.66,3:04:04 PM,D_SSM
R12_04_LTN,2017,2,expense,30661.79,11:04:47 AM,D_MMA
R12_04_LTN,2015,3,expense,30179.16,5:32:10 PM,D_DNS
R12_04_LTN,2014,3,expense,30179.16,2:24:57 PM,D_DNS
R12_04_LTN,2014,8,expense,30000.00,1:25:23 PM,D_DNS
R12_04_LTN,2013,8,receive,30000.00,2:31:53 PM,D_DNS
R12_04_LTN,2013,5,receive,30000.00,2:21:17 PM,D_DNS
R12_04_LTN,2016,10,expense,29000.00,3:59:47 PM,D_MMA
R12_04_LTN,2014,6,expense,28600.00,3:15:52 PM,D_DNS
R12_04_LTN,2015,11,expense,28500.00,1:26:50 PM,D_SSM
R12_04_LTN,2013,6,expense,28000.00,2:26:40 PM,D_DNS
R12_04_LTN,2014,12,expense,27000.00,3:01:23 PM,D_DNS
R12_04_LTN,2015,3,receive,26940.00,5:32:10 PM,D_DNS
R12_04_LTN,2014,12,expense,26600.00,3:01:23 PM,D_DNS
R12_04_LTN,2015,7,expense,25650.00,1:13:52 PM,D_SSM
R12_04_LTN,2017,6,expense,25600.00,11:54:05 AM,D_EKTW
R12_04_LTN,2017,1,expense,25550.00,2:24:56 PM,D_MMA
R12_04_LTN,2014,12,expense,25000.00,3:01:23 PM,D_DNS
R12_04_LTN,2014,1,receive,24900.00,5:14:04 PM,D_DNS
R12_04_LTN,2014,10,expense,24750.00,3:26:20 PM,D_DNS
R12_04_LTN,2015,9,receive,24642.00,1:18:41 PM,D_SSM
R12_04_LTN,2015,6,expense,24450.00,1:11:07 PM,D_SSM
R12_04_LTN,2013,4,receive,24113.00,3:21:02 PM,D_DNS
R12_04_LTN,2013,8,expense,23960.00,2:31:53 PM,D_DNS
R12_04_LTN,2015,8,expense,23900.00,1:18:09 PM,D_SSM
R12_04_LTN,2016,12,expense,23350.00,5:07:49 PM,D_MMA
R12_04_LTN,2015,6,expense,23326.00,1:11:07 PM,D_SSM
R12_04_LTN,2014,12,expense,23258.00,3:01:23 PM,D_DNS
R12_04_LTN,2016,5,expense,23050.00,4:24:37 PM,D_MMA
R12_04_LTN,2015,2,expense,23000.00,2:08:48 PM,D_DNS
R12_04_LTN,2015,2,receive,23000.00,2:08:48 PM,D_DNS
R12_04_LTN,2014,1,receive,23000.00,5:14:04 PM,D_DNS
R12_04_LTN,2014,10,receive,22875.00,3:26:20 PM,D_DNS
R12_04_LTN,2014,9,expense,22600.00,1:07:56 PM,D_DNS
R12_04_LTN,2016,3,expense,21350.00,3:04:04 PM,D_SSM
R12_04_LTN,2014,7,receive,21000.00,2:22:29 PM,D_DNS
R12_04_LTN,2016,3,expense,20909.00,3:04:04 PM,D_SSM
R12_04_LTN,2016,9,expense,20400.00,2:15:24 PM,D_MMA
R12_04_LTN,2016,9,expense,20000.00,2:15:24 PM,D_MMA
R12_04_LTN,2016,10,expense,20000.00,3:59:47 PM,D_MMA
R12_04_LTN,2016,8,expense,20000.00,11:43:35 AM,D_MMA
R12_04_LTN,2016,12,expense,20000.00,5:07:49 PM,D_MMA
R12_04_LTN,2017,1,expense,20000.00,2:24:56 PM,D_MMA
R12_04_LTN,2016,11,expense,20000.00,4:59:42 PM,D_MMA
R12_04_LTN,2016,3,expense,20000.00,3:04:04 PM,D_SSM
R12_04_LTN,2016,2,expense,20000.00,1:28:13 PM,D_SSM
R12_04_LTN,2016,5,expense,20000.00,4:24:37 PM,D_MMA
R12_04_LTN,2016,6,expense,20000.00,1:26:24 PM,D_MMA
R12_04_LTN,2016,7,expense,20000.00,3:54:56 PM,D_MMA
R12_04_LTN,2015,2,expense,20000.00,2:08:48 PM,D_DNS
R12_04_LTN,2015,3,expense,20000.00,5:32:10 PM,D_DNS
R12_04_LTN,2015,3,expense,20000.00,5:32:10 PM,D_DNS
R12_04_LTN,2015,4,expense,20000.00,11:46:47 AM,D_SSM
R12_04_LTN,2015,6,expense,20000.00,1:11:07 PM,D_SSM
R12_04_LTN,2015,7,expense,20000.00,1:13:52 PM,D_SSM
R12_04_LTN,2015,5,expense,20000.00,11:47:16 AM,D_SSM
R12_04_LTN,2015,8,expense,20000.00,1:18:09 PM,D_SSM
R12_04_LTN,2015,9,expense,20000.00,1:18:41 PM,D_SSM
R12_04_LTN,2015,11,expense,20000.00,1:26:50 PM,D_SSM
R12_04_LTN,2015,10,expense,20000.00,1:24:31 PM,D_SSM
R12_04_LTN,2015,12,expense,20000.00,1:27:18 PM,D_SSM
R12_04_LTN,2016,1,expense,20000.00,1:27:44 PM,D_SSM
R12_04_LTN,2014,8,expense,20000.00,1:25:23 PM,D_DNS
R12_04_LTN,2014,4,expense,20000.00,3:15:12 PM,D_DNS
R12_04_LTN,2014,6,expense,20000.00,3:15:52 PM,D_DNS
R12_04_LTN,2014,5,expense,20000.00,3:15:32 PM,D_DNS
R12_04_LTN,2014,9,expense,20000.00,1:07:56 PM,D_DNS
R12_04_LTN,2014,9,expense,20000.00,1:07:56 PM,D_DNS
R12_04_LTN,2014,10,expense,20000.00,3:26:20 PM,D_DNS
R12_04_LTN,2014,11,expense,20000.00,12:26:18 PM,D_DNS
R12_04_LTN,2015,1,expense,20000.00,3:38:28 PM,D_DNS
R12_04_LTN,2014,12,expense,20000.00,3:01:23 PM,D_DNS
R12_04_LTN,2013,12,expense,20000.00,11:35:15 AM,D_DNS4
